Target,Mean_interaction_shift,Max_interaction_shift
AChE,0.04991111959149386,1.0
5LOX,0.054101024703617516,1.0
COX2,0.025913759660000826,1.0
